{
  "gi_only": {
    "rmse": 0.17696997764381864,
    "r2": 0.2771697859150821,
    "auc": 0.8391774891774891,
    "accuracy": 0.921161825726141
  },
  "gi_plus_saq": {
    "rmse": 0.1535212406671505,
    "r2": 0.45603112788013167,
    "auc": 0.8742424242424243,
    "accuracy": 0.9253112033195021
  },
  "improvement": {
    "rmse_pct": 13.250121454986335,
    "r2_pct": 64.5313273864014,
    "auc_pts": 3.506493506493513
  },
  "fairness": {
    "fnr_china": 0.8571428571428571,
    "fnr_row": NaN
  }
}